path,status,error
data/collection_data_cdr.xml,downloaded,
data/collection_data_cdr_inventory.csv,downloaded,
data/2013/05/01/xrscdr2013121.dat,downloaded,
data/2013/05/01/xrscdr2013121.xml,downloaded,
data/2013/05/02/xrscdr2013122.dat,downloaded,
data/2013/05/02/xrscdr2013122.xml,downloaded,
data/2013/05/03/xrscdr2013123.dat,downloaded,
data/2013/05/03/xrscdr2013123.xml,downloaded,
data/2013/05/04/xrscdr2013124.dat,downloaded,
data/2013/05/04/xrscdr2013124.xml,downloaded,
data/2013/05/05/xrscdr2013125.dat,downloaded,
data/2013/05/05/xrscdr2013125.xml,downloaded,
data/2013/05/06/xrscdr2013126.dat,downloaded,
data/2013/05/06/xrscdr2013126.xml,downloaded,
data/2013/05/07/xrscdr2013127.dat,downloaded,
data/2013/05/07/xrscdr2013127.xml,downloaded,
data/2013/05/08/xrscdr2013128.dat,downloaded,
data/2013/05/08/xrscdr2013128.xml,downloaded,
data/2013/05/09/xrscdr2013129.dat,downloaded,
data/2013/05/09/xrscdr2013129.xml,downloaded,
data/2013/05/10/xrscdr2013130.dat,downloaded,
data/2013/05/10/xrscdr2013130.xml,downloaded,
data/2013/05/11/xrscdr2013131.dat,downloaded,
data/2013/05/11/xrscdr2013131.xml,downloaded,
data/2013/05/12/xrscdr2013132.dat,downloaded,
data/2013/05/12/xrscdr2013132.xml,downloaded,
data/2013/05/13/xrscdr2013133.dat,downloaded,
data/2013/05/13/xrscdr2013133.xml,downloaded,
data/2013/05/14/xrscdr2013134.dat,downloaded,
data/2013/05/14/xrscdr2013134.xml,downloaded,
data/2013/05/15/xrscdr2013135.dat,downloaded,
data/2013/05/15/xrscdr2013135.xml,downloaded,
data/2013/05/16/xrscdr2013136.dat,downloaded,
data/2013/05/16/xrscdr2013136.xml,downloaded,
data/2013/05/17/xrscdr2013137.dat,downloaded,
data/2013/05/17/xrscdr2013137.xml,downloaded,
data/2013/05/18/xrscdr2013138.dat,downloaded,
data/2013/05/18/xrscdr2013138.xml,downloaded,
data/2013/05/19/xrscdr2013139.dat,downloaded,
data/2013/05/19/xrscdr2013139.xml,downloaded,
data/2013/05/20/xrscdr2013140.dat,downloaded,
data/2013/05/20/xrscdr2013140.xml,downloaded,
data/2013/05/21/xrscdr2013141.dat,downloaded,
data/2013/05/21/xrscdr2013141.xml,downloaded,
data/2013/05/22/xrscdr2013142.dat,downloaded,
data/2013/05/22/xrscdr2013142.xml,downloaded,
data/2013/05/23/xrscdr2013143.dat,downloaded,
data/2013/05/23/xrscdr2013143.xml,downloaded,
data/2013/05/24/xrscdr2013144.dat,downloaded,
data/2013/05/24/xrscdr2013144.xml,downloaded,
data/2013/05/25/xrscdr2013145.dat,downloaded,
data/2013/05/25/xrscdr2013145.xml,downloaded,
data/2013/05/26/xrscdr2013146.dat,downloaded,
data/2013/05/26/xrscdr2013146.xml,downloaded,
data/2013/05/27/xrscdr2013147.dat,downloaded,
data/2013/05/27/xrscdr2013147.xml,downloaded,
data/2013/05/28/xrscdr2013148.dat,downloaded,
data/2013/05/28/xrscdr2013148.xml,downloaded,
data/2013/05/29/xrscdr2013149.dat,downloaded,
data/2013/05/29/xrscdr2013149.xml,downloaded,
data/2013/05/30/xrscdr2013150.dat,downloaded,
data/2013/05/30/xrscdr2013150.xml,downloaded,
data/2013/05/31/xrscdr2013151.dat,downloaded,
data/2013/05/31/xrscdr2013151.xml,downloaded,
