  81.04, 270.92
  81.04, 272.76
  81.04, 274.59
  81.04, 276.43
  80.85, 278.10
  80.85, 279.90
  80.85, 281.70
  80.49, 282.98
  80.30, 284.43
  80.12, 285.83
  79.94, 287.18
  79.57, 288.16
  79.39, 289.40
  79.20, 290.59
  78.84, 291.39
  78.47, 292.14
  78.28, 293.20
  77.92, 293.86
  77.73, 293.51
  77.55, 293.16
  77.37, 292.83
  77.18, 292.50
  77.00, 292.18
  76.81, 291.88
  76.63, 291.58
  76.45, 291.28
  76.26, 291.00
  75.89, 291.62
  75.71, 291.35
  75.52, 291.08
  75.34, 290.81
  75.16, 290.56
  74.97, 290.30
  74.79, 290.06
  74.60, 289.82
  74.42, 289.59
  74.23, 289.36
  74.05, 289.14
  73.68, 289.72
  73.50, 289.50
  73.31, 289.29
  73.13, 289.08
  72.94, 288.87
  72.76, 288.67
  72.57, 288.47
  72.39, 288.28
  72.20, 288.09
  72.02, 287.91
  71.83, 287.73
  71.65, 287.55
  71.46, 287.38
  71.28, 287.21
  71.09, 287.04
  70.72, 287.57
  70.54, 287.41
  70.35, 287.24
  70.17, 287.08
  69.98, 286.93
  69.79, 286.77
  69.61, 286.62
  69.42, 286.47
  69.24, 286.33
  69.05, 286.18
  68.87, 286.04
  68.68, 285.91
  68.49, 285.77
  68.31, 285.64
  68.12, 285.50
  67.93, 285.38
  67.93, 284.63
  67.75, 284.50
  67.56, 284.39
  67.38, 284.27
  67.19, 284.15
  67.00, 284.04
  66.82, 283.93
  66.63, 283.82
  66.44, 283.71
  66.26, 283.60
  66.07, 283.50
  65.88, 283.40
  65.70, 283.30
  65.51, 283.20
  65.32, 283.10
  65.14, 283.00
  64.95, 282.90
  64.76, 282.81
  64.57, 282.72
  64.39, 282.63
  64.20, 282.54
  64.01, 282.45
  63.82, 282.36
  63.64, 282.27
  63.45, 282.19
  63.26, 282.10
  63.07, 282.02
  62.88, 281.94
  62.70, 281.86
  62.70, 281.25
  62.70, 280.64
  62.88, 280.10
  62.88, 279.49
  62.88, 278.88
  62.88, 278.27
  63.07, 277.71
  63.07, 277.09
  63.07, 276.47
  63.26, 275.90
  63.26, 275.28
  63.26, 274.66
  63.26, 274.03
  63.45, 273.44
  63.45, 272.81
  63.45, 272.19
  63.45, 271.56
  63.64, 270.94
  63.64, 270.31
  63.64, 269.69
  63.64, 269.06
  63.64, 268.43
  63.64, 267.80
  63.64, 267.17
  63.64, 266.54
  63.82, 266.51
  63.82, 265.88
  63.82, 265.25
  63.82, 264.61
  63.82, 263.98
  63.82, 263.35
  63.82, 262.71
  63.82, 262.08
  63.82, 261.44
  63.82, 260.81
  63.82, 260.18
  63.82, 259.54
  64.01, 259.47
  64.20, 259.39
  64.39, 259.32
  64.57, 259.24
  64.95, 259.74
  65.14, 259.67
  65.32, 259.59
  65.51, 259.51
  65.70, 259.43
  65.88, 259.35
  66.07, 259.27
  66.44, 259.80
  66.63, 259.72
  66.82, 259.64
  67.00, 259.56
  67.19, 259.48
  67.38, 259.39
  67.56, 259.30
  67.93, 259.88
  68.12, 259.79
  68.31, 259.70
  68.49, 259.62
  68.68, 259.53
  68.87, 259.43
  69.05, 259.34
  69.24, 259.25
  69.42, 259.15
  69.61, 259.05
  69.98, 259.68
  70.17, 259.58
  70.35, 259.49
  70.54, 259.39
  70.72, 259.29
  70.91, 259.18
  71.09, 259.08
  71.28, 258.97
  71.46, 258.86
  71.65, 258.75
  71.83, 258.64
  72.20, 259.33
  72.39, 259.22
  72.57, 259.11
  72.76, 258.99
  72.94, 258.87
  73.13, 258.75
  73.31, 258.63
  73.50, 258.50
  73.87, 259.26
  74.05, 259.14
  74.23, 259.01
  74.42, 258.88
  74.79, 259.70
  74.97, 259.57
  75.16, 259.44
  75.52, 260.32
  75.71, 260.19
  75.89, 260.06
  76.08, 259.93
  76.45, 260.88
  76.63, 260.75
  76.81, 260.63
  77.18, 261.64
  77.37, 261.52
  77.55, 261.40
  77.92, 262.50
  78.10, 262.38
  78.28, 262.27
  78.65, 263.47
  78.84, 263.36
  79.02, 263.25
  79.20, 263.14
  79.57, 264.47
  79.75, 264.38
  79.94, 264.27
  80.30, 265.75
  80.49, 265.67
  80.67, 265.59
  80.85, 267.30
  80.85, 269.10
  81.04, 270.92
